timestamp,role,content,city
2026-03-01 14:38:38,user,Will it rain in New York today?,New York
============================================================
Timestamp   : 2026-03-01 14:38:39
Source      : API
User Query  : Will it rain in New York today?
Weather Data: Current weather in New York: Cloudy. Temperature: 5.3°C (feels like 1.7°C), Humidity: 41%, Wind: 17.6 km/h
Bot Response: It's possible that it may rain in New York today, but it's not guaranteed
============================================================

2026-03-01 14:38:39,assistant,"It's possible that it may rain in New York today, but it's not guaranteed",New York
